{
  "hubPoolChain": 1,
  "hubPoolAddress": "0xc186fA914353c44b2E33eBE05f21846F1048bEda",
  "hubPoolWethAddress": "0xC02aaA39b223FE8D0A0e5C4F27eAD9083C756Cc2",
  "acrossTokenAddress": "0x44108f0223A3C3028F5Fe7AEC7f9bb2E66beF82F",
  "acceleratingDistributorAddress": "0x9040e41eF5E8b281535a96D9a48aCb8cfaBD9a48",
  "merkleDistributorAddress": "0xE50b2cEAC4f60E840Ae513924033E753e2366487",
  "claimAndStakeAddress": "0x985e8A89Dd6Af8896Ef075c8dd93512433dc5829",
  "routes": [
    {
      "fromChain": 1,
      "toChain": 10,
      "fromTokenAddress": "0xC02aaA39b223FE8D0A0e5C4F27eAD9083C756Cc2",
      "fromSpokeAddress": "0x4D9079Bb4165aeb4084c526a32695dCfd2F77381",
      "fromTokenSymbol": "WETH",
      "isNative": false,
      "l1TokenAddress": "0xC02aaA39b223FE8D0A0e5C4F27eAD9083C756Cc2"
    },
    {
      "fromChain": 1,
      "toChain": 10,
      "fromTokenAddress": "0xC02aaA39b223FE8D0A0e5C4F27eAD9083C756Cc2",
      "fromSpokeAddress": "0x4D9079Bb4165aeb4084c526a32695dCfd2F77381",
      "fromTokenSymbol": "ETH",
      "isNative": true,
      "l1TokenAddress": "0xC02aaA39b223FE8D0A0e5C4F27eAD9083C756Cc2"
    },
    {
      "fromChain": 1,
      "toChain": 10,
      "fromTokenAddress": "0xA0b86991c6218b36c1d19D4a2e9Eb0cE3606eB48",
      "fromSpokeAddress": "0x4D9079Bb4165aeb4084c526a32695dCfd2F77381",
      "fromTokenSymbol": "USDC",
      "isNative": false,
      "l1TokenAddress": "0xA0b86991c6218b36c1d19D4a2e9Eb0cE3606eB48"
    },
    {
      "fromChain": 1,
      "toChain": 10,
      "fromTokenAddress": "0x2260FAC5E5542a773Aa44fBCfeDf7C193bc2C599",
      "fromSpokeAddress": "0x4D9079Bb4165aeb4084c526a32695dCfd2F77381",
      "fromTokenSymbol": "WBTC",
      "isNative": false,
      "l1TokenAddress": "0x2260FAC5E5542a773Aa44fBCfeDf7C193bc2C599"
    },
    {
      "fromChain": 1,
      "toChain": 10,
      "fromTokenAddress": "0x04Fa0d235C4abf4BcF4787aF4CF447DE572eF828",
      "fromSpokeAddress": "0x4D9079Bb4165aeb4084c526a32695dCfd2F77381",
      "fromTokenSymbol": "UMA",
      "isNative": false,
      "l1TokenAddress": "0x04Fa0d235C4abf4BcF4787aF4CF447DE572eF828"
    },
    {
      "fromChain": 1,
      "toChain": 10,
      "fromTokenAddress": "0x6B175474E89094C44Da98b954EedeAC495271d0F",
      "fromSpokeAddress": "0x4D9079Bb4165aeb4084c526a32695dCfd2F77381",
      "fromTokenSymbol": "DAI",
      "isNative": false,
      "l1TokenAddress": "0x6B175474E89094C44Da98b954EedeAC495271d0F"
    },
    {
      "fromChain": 1,
      "toChain": 10,
      "fromTokenAddress": "0xba100000625a3754423978a60c9317c58a424e3D",
      "fromSpokeAddress": "0x4D9079Bb4165aeb4084c526a32695dCfd2F77381",
      "fromTokenSymbol": "BAL",
      "isNative": false,
      "l1TokenAddress": "0xba100000625a3754423978a60c9317c58a424e3D"
    },
    {
      "fromChain": 1,
      "toChain": 10,
      "fromTokenAddress": "0x44108f0223A3C3028F5Fe7AEC7f9bb2E66beF82F",
      "fromSpokeAddress": "0x4D9079Bb4165aeb4084c526a32695dCfd2F77381",
      "fromTokenSymbol": "ACX",
      "isNative": false,
      "l1TokenAddress": "0x44108f0223A3C3028F5Fe7AEC7f9bb2E66beF82F"
    },
    {
      "fromChain": 1,
      "toChain": 137,
      "fromTokenAddress": "0xC02aaA39b223FE8D0A0e5C4F27eAD9083C756Cc2",
      "fromSpokeAddress": "0x4D9079Bb4165aeb4084c526a32695dCfd2F77381",
      "fromTokenSymbol": "WETH",
      "isNative": false,
      "l1TokenAddress": "0xC02aaA39b223FE8D0A0e5C4F27eAD9083C756Cc2"
    },
    {
      "fromChain": 1,
      "toChain": 137,
      "fromTokenAddress": "0xC02aaA39b223FE8D0A0e5C4F27eAD9083C756Cc2",
      "fromSpokeAddress": "0x4D9079Bb4165aeb4084c526a32695dCfd2F77381",
      "fromTokenSymbol": "ETH",
      "isNative": true,
      "l1TokenAddress": "0xC02aaA39b223FE8D0A0e5C4F27eAD9083C756Cc2"
    },
    {
      "fromChain": 1,
      "toChain": 137,
      "fromTokenAddress": "0xA0b86991c6218b36c1d19D4a2e9Eb0cE3606eB48",
      "fromSpokeAddress": "0x4D9079Bb4165aeb4084c526a32695dCfd2F77381",
      "fromTokenSymbol": "USDC",
      "isNative": false,
      "l1TokenAddress": "0xA0b86991c6218b36c1d19D4a2e9Eb0cE3606eB48"
    },
    {
      "fromChain": 1,
      "toChain": 137,
      "fromTokenAddress": "0x2260FAC5E5542a773Aa44fBCfeDf7C193bc2C599",
      "fromSpokeAddress": "0x4D9079Bb4165aeb4084c526a32695dCfd2F77381",
      "fromTokenSymbol": "WBTC",
      "isNative": false,
      "l1TokenAddress": "0x2260FAC5E5542a773Aa44fBCfeDf7C193bc2C599"
    },
    {
      "fromChain": 1,
      "toChain": 137,
      "fromTokenAddress": "0x04Fa0d235C4abf4BcF4787aF4CF447DE572eF828",
      "fromSpokeAddress": "0x4D9079Bb4165aeb4084c526a32695dCfd2F77381",
      "fromTokenSymbol": "UMA",
      "isNative": false,
      "l1TokenAddress": "0x04Fa0d235C4abf4BcF4787aF4CF447DE572eF828"
    },
    {
      "fromChain": 1,
      "toChain": 137,
      "fromTokenAddress": "0x6B175474E89094C44Da98b954EedeAC495271d0F",
      "fromSpokeAddress": "0x4D9079Bb4165aeb4084c526a32695dCfd2F77381",
      "fromTokenSymbol": "DAI",
      "isNative": false,
      "l1TokenAddress": "0x6B175474E89094C44Da98b954EedeAC495271d0F"
    },
    {
      "fromChain": 1,
      "toChain": 137,
      "fromTokenAddress": "0xba100000625a3754423978a60c9317c58a424e3D",
      "fromSpokeAddress": "0x4D9079Bb4165aeb4084c526a32695dCfd2F77381",
      "fromTokenSymbol": "BAL",
      "isNative": false,
      "l1TokenAddress": "0xba100000625a3754423978a60c9317c58a424e3D"
    },
    {
      "fromChain": 1,
      "toChain": 137,
      "fromTokenAddress": "0x44108f0223A3C3028F5Fe7AEC7f9bb2E66beF82F",
      "fromSpokeAddress": "0x4D9079Bb4165aeb4084c526a32695dCfd2F77381",
      "fromTokenSymbol": "ACX",
      "isNative": false,
      "l1TokenAddress": "0x44108f0223A3C3028F5Fe7AEC7f9bb2E66beF82F"
    },
    {
      "fromChain": 1,
      "toChain": 288,
      "fromTokenAddress": "0xC02aaA39b223FE8D0A0e5C4F27eAD9083C756Cc2",
      "fromSpokeAddress": "0x4D9079Bb4165aeb4084c526a32695dCfd2F77381",
      "fromTokenSymbol": "WETH",
      "isNative": false,
      "l1TokenAddress": "0xC02aaA39b223FE8D0A0e5C4F27eAD9083C756Cc2"
    },
    {
      "fromChain": 1,
      "toChain": 288,
      "fromTokenAddress": "0xC02aaA39b223FE8D0A0e5C4F27eAD9083C756Cc2",
      "fromSpokeAddress": "0x4D9079Bb4165aeb4084c526a32695dCfd2F77381",
      "fromTokenSymbol": "ETH",
      "isNative": true,
      "l1TokenAddress": "0xC02aaA39b223FE8D0A0e5C4F27eAD9083C756Cc2"
    },
    {
      "fromChain": 1,
      "toChain": 288,
      "fromTokenAddress": "0xA0b86991c6218b36c1d19D4a2e9Eb0cE3606eB48",
      "fromSpokeAddress": "0x4D9079Bb4165aeb4084c526a32695dCfd2F77381",
      "fromTokenSymbol": "USDC",
      "isNative": false,
      "l1TokenAddress": "0xA0b86991c6218b36c1d19D4a2e9Eb0cE3606eB48"
    },
    {
      "fromChain": 1,
      "toChain": 288,
      "fromTokenAddress": "0x2260FAC5E5542a773Aa44fBCfeDf7C193bc2C599",
      "fromSpokeAddress": "0x4D9079Bb4165aeb4084c526a32695dCfd2F77381",
      "fromTokenSymbol": "WBTC",
      "isNative": false,
      "l1TokenAddress": "0x2260FAC5E5542a773Aa44fBCfeDf7C193bc2C599"
    },
    {
      "fromChain": 1,
      "toChain": 288,
      "fromTokenAddress": "0x04Fa0d235C4abf4BcF4787aF4CF447DE572eF828",
      "fromSpokeAddress": "0x4D9079Bb4165aeb4084c526a32695dCfd2F77381",
      "fromTokenSymbol": "UMA",
      "isNative": false,
      "l1TokenAddress": "0x04Fa0d235C4abf4BcF4787aF4CF447DE572eF828"
    },
    {
      "fromChain": 1,
      "toChain": 288,
      "fromTokenAddress": "0x6B175474E89094C44Da98b954EedeAC495271d0F",
      "fromSpokeAddress": "0x4D9079Bb4165aeb4084c526a32695dCfd2F77381",
      "fromTokenSymbol": "DAI",
      "isNative": false,
      "l1TokenAddress": "0x6B175474E89094C44Da98b954EedeAC495271d0F"
    },
    {
      "fromChain": 1,
      "toChain": 288,
      "fromTokenAddress": "0x42bBFa2e77757C645eeaAd1655E0911a7553Efbc",
      "fromSpokeAddress": "0x4D9079Bb4165aeb4084c526a32695dCfd2F77381",
      "fromTokenSymbol": "BOBA",
      "isNative": false,
      "l1TokenAddress": "0x42bBFa2e77757C645eeaAd1655E0911a7553Efbc"
    },
    {
      "fromChain": 1,
      "toChain": 288,
      "fromTokenAddress": "0x44108f0223A3C3028F5Fe7AEC7f9bb2E66beF82F",
      "fromSpokeAddress": "0x4D9079Bb4165aeb4084c526a32695dCfd2F77381",
      "fromTokenSymbol": "ACX",
      "isNative": false,
      "l1TokenAddress": "0x44108f0223A3C3028F5Fe7AEC7f9bb2E66beF82F"
    },
    {
      "fromChain": 1,
      "toChain": 42161,
      "fromTokenAddress": "0xC02aaA39b223FE8D0A0e5C4F27eAD9083C756Cc2",
      "fromSpokeAddress": "0x4D9079Bb4165aeb4084c526a32695dCfd2F77381",
      "fromTokenSymbol": "WETH",
      "isNative": false,
      "l1TokenAddress": "0xC02aaA39b223FE8D0A0e5C4F27eAD9083C756Cc2"
    },
    {
      "fromChain": 1,
      "toChain": 42161,
      "fromTokenAddress": "0xC02aaA39b223FE8D0A0e5C4F27eAD9083C756Cc2",
      "fromSpokeAddress": "0x4D9079Bb4165aeb4084c526a32695dCfd2F77381",
      "fromTokenSymbol": "ETH",
      "isNative": true,
      "l1TokenAddress": "0xC02aaA39b223FE8D0A0e5C4F27eAD9083C756Cc2"
    },
    {
      "fromChain": 1,
      "toChain": 42161,
      "fromTokenAddress": "0xA0b86991c6218b36c1d19D4a2e9Eb0cE3606eB48",
      "fromSpokeAddress": "0x4D9079Bb4165aeb4084c526a32695dCfd2F77381",
      "fromTokenSymbol": "USDC",
      "isNative": false,
      "l1TokenAddress": "0xA0b86991c6218b36c1d19D4a2e9Eb0cE3606eB48"
    },
    {
      "fromChain": 1,
      "toChain": 42161,
      "fromTokenAddress": "0x2260FAC5E5542a773Aa44fBCfeDf7C193bc2C599",
      "fromSpokeAddress": "0x4D9079Bb4165aeb4084c526a32695dCfd2F77381",
      "fromTokenSymbol": "WBTC",
      "isNative": false,
      "l1TokenAddress": "0x2260FAC5E5542a773Aa44fBCfeDf7C193bc2C599"
    },
    {
      "fromChain": 1,
      "toChain": 42161,
      "fromTokenAddress": "0x04Fa0d235C4abf4BcF4787aF4CF447DE572eF828",
      "fromSpokeAddress": "0x4D9079Bb4165aeb4084c526a32695dCfd2F77381",
      "fromTokenSymbol": "UMA",
      "isNative": false,
      "l1TokenAddress": "0x04Fa0d235C4abf4BcF4787aF4CF447DE572eF828"
    },
    {
      "fromChain": 1,
      "toChain": 42161,
      "fromTokenAddress": "0x6B175474E89094C44Da98b954EedeAC495271d0F",
      "fromSpokeAddress": "0x4D9079Bb4165aeb4084c526a32695dCfd2F77381",
      "fromTokenSymbol": "DAI",
      "isNative": false,
      "l1TokenAddress": "0x6B175474E89094C44Da98b954EedeAC495271d0F"
    },
    {
      "fromChain": 1,
      "toChain": 42161,
      "fromTokenAddress": "0xba100000625a3754423978a60c9317c58a424e3D",
      "fromSpokeAddress": "0x4D9079Bb4165aeb4084c526a32695dCfd2F77381",
      "fromTokenSymbol": "BAL",
      "isNative": false,
      "l1TokenAddress": "0xba100000625a3754423978a60c9317c58a424e3D"
    },
    {
      "fromChain": 1,
      "toChain": 42161,
      "fromTokenAddress": "0x44108f0223A3C3028F5Fe7AEC7f9bb2E66beF82F",
      "fromSpokeAddress": "0x4D9079Bb4165aeb4084c526a32695dCfd2F77381",
      "fromTokenSymbol": "ACX",
      "isNative": false,
      "l1TokenAddress": "0x44108f0223A3C3028F5Fe7AEC7f9bb2E66beF82F"
    },
    {
      "fromChain": 10,
      "toChain": 1,
      "fromTokenAddress": "0x4200000000000000000000000000000000000006",
      "fromSpokeAddress": "0xa420b2d1c0841415A695b81E5B867BCD07Dff8C9",
      "fromTokenSymbol": "WETH",
      "isNative": false,
      "l1TokenAddress": "0xC02aaA39b223FE8D0A0e5C4F27eAD9083C756Cc2"
    },
    {
      "fromChain": 10,
      "toChain": 1,
      "fromTokenAddress": "0x4200000000000000000000000000000000000006",
      "fromSpokeAddress": "0xa420b2d1c0841415A695b81E5B867BCD07Dff8C9",
      "fromTokenSymbol": "ETH",
      "isNative": true,
      "l1TokenAddress": "0xC02aaA39b223FE8D0A0e5C4F27eAD9083C756Cc2"
    },
    {
      "fromChain": 10,
      "toChain": 1,
      "fromTokenAddress": "0x7F5c764cBc14f9669B88837ca1490cCa17c31607",
      "fromSpokeAddress": "0xa420b2d1c0841415A695b81E5B867BCD07Dff8C9",
      "fromTokenSymbol": "USDC",
      "isNative": false,
      "l1TokenAddress": "0xA0b86991c6218b36c1d19D4a2e9Eb0cE3606eB48"
    },
    {
      "fromChain": 10,
      "toChain": 1,
      "fromTokenAddress": "0x68f180fcCe6836688e9084f035309E29Bf0A2095",
      "fromSpokeAddress": "0xa420b2d1c0841415A695b81E5B867BCD07Dff8C9",
      "fromTokenSymbol": "WBTC",
      "isNative": false,
      "l1TokenAddress": "0x2260FAC5E5542a773Aa44fBCfeDf7C193bc2C599"
    },
    {
      "fromChain": 10,
      "toChain": 1,
      "fromTokenAddress": "0xE7798f023fC62146e8Aa1b36Da45fb70855a77Ea",
      "fromSpokeAddress": "0xa420b2d1c0841415A695b81E5B867BCD07Dff8C9",
      "fromTokenSymbol": "UMA",
      "isNative": false,
      "l1TokenAddress": "0x04Fa0d235C4abf4BcF4787aF4CF447DE572eF828"
    },
    {
      "fromChain": 10,
      "toChain": 1,
      "fromTokenAddress": "0xDA10009cBd5D07dd0CeCc66161FC93D7c9000da1",
      "fromSpokeAddress": "0xa420b2d1c0841415A695b81E5B867BCD07Dff8C9",
      "fromTokenSymbol": "DAI",
      "isNative": false,
      "l1TokenAddress": "0x6B175474E89094C44Da98b954EedeAC495271d0F"
    },
    {
      "fromChain": 10,
      "toChain": 1,
      "fromTokenAddress": "0xFE8B128bA8C78aabC59d4c64cEE7fF28e9379921",
      "fromSpokeAddress": "0xa420b2d1c0841415A695b81E5B867BCD07Dff8C9",
      "fromTokenSymbol": "BAL",
      "isNative": false,
      "l1TokenAddress": "0xba100000625a3754423978a60c9317c58a424e3D"
    },
    {
      "fromChain": 10,
      "toChain": 1,
      "fromTokenAddress": "0xFf733b2A3557a7ed6697007ab5D11B79FdD1b76B",
      "fromSpokeAddress": "0xa420b2d1c0841415A695b81E5B867BCD07Dff8C9",
      "fromTokenSymbol": "ACX",
      "isNative": false,
      "l1TokenAddress": "0x44108f0223A3C3028F5Fe7AEC7f9bb2E66beF82F"
    },
    {
      "fromChain": 10,
      "toChain": 137,
      "fromTokenAddress": "0x4200000000000000000000000000000000000006",
      "fromSpokeAddress": "0xa420b2d1c0841415A695b81E5B867BCD07Dff8C9",
      "fromTokenSymbol": "WETH",
      "isNative": false,
      "l1TokenAddress": "0xC02aaA39b223FE8D0A0e5C4F27eAD9083C756Cc2"
    },
    {
      "fromChain": 10,
      "toChain": 137,
      "fromTokenAddress": "0x4200000000000000000000000000000000000006",
      "fromSpokeAddress": "0xa420b2d1c0841415A695b81E5B867BCD07Dff8C9",
      "fromTokenSymbol": "ETH",
      "isNative": true,
      "l1TokenAddress": "0xC02aaA39b223FE8D0A0e5C4F27eAD9083C756Cc2"
    },
    {
      "fromChain": 10,
      "toChain": 137,
      "fromTokenAddress": "0x7F5c764cBc14f9669B88837ca1490cCa17c31607",
      "fromSpokeAddress": "0xa420b2d1c0841415A695b81E5B867BCD07Dff8C9",
      "fromTokenSymbol": "USDC",
      "isNative": false,
      "l1TokenAddress": "0xA0b86991c6218b36c1d19D4a2e9Eb0cE3606eB48"
    },
    {
      "fromChain": 10,
      "toChain": 137,
      "fromTokenAddress": "0x68f180fcCe6836688e9084f035309E29Bf0A2095",
      "fromSpokeAddress": "0xa420b2d1c0841415A695b81E5B867BCD07Dff8C9",
      "fromTokenSymbol": "WBTC",
      "isNative": false,
      "l1TokenAddress": "0x2260FAC5E5542a773Aa44fBCfeDf7C193bc2C599"
    },
    {
      "fromChain": 10,
      "toChain": 137,
      "fromTokenAddress": "0xE7798f023fC62146e8Aa1b36Da45fb70855a77Ea",
      "fromSpokeAddress": "0xa420b2d1c0841415A695b81E5B867BCD07Dff8C9",
      "fromTokenSymbol": "UMA",
      "isNative": false,
      "l1TokenAddress": "0x04Fa0d235C4abf4BcF4787aF4CF447DE572eF828"
    },
    {
      "fromChain": 10,
      "toChain": 137,
      "fromTokenAddress": "0xDA10009cBd5D07dd0CeCc66161FC93D7c9000da1",
      "fromSpokeAddress": "0xa420b2d1c0841415A695b81E5B867BCD07Dff8C9",
      "fromTokenSymbol": "DAI",
      "isNative": false,
      "l1TokenAddress": "0x6B175474E89094C44Da98b954EedeAC495271d0F"
    },
    {
      "fromChain": 10,
      "toChain": 137,
      "fromTokenAddress": "0xFE8B128bA8C78aabC59d4c64cEE7fF28e9379921",
      "fromSpokeAddress": "0xa420b2d1c0841415A695b81E5B867BCD07Dff8C9",
      "fromTokenSymbol": "BAL",
      "isNative": false,
      "l1TokenAddress": "0xba100000625a3754423978a60c9317c58a424e3D"
    },
    {
      "fromChain": 10,
      "toChain": 137,
      "fromTokenAddress": "0xFf733b2A3557a7ed6697007ab5D11B79FdD1b76B",
      "fromSpokeAddress": "0xa420b2d1c0841415A695b81E5B867BCD07Dff8C9",
      "fromTokenSymbol": "ACX",
      "isNative": false,
      "l1TokenAddress": "0x44108f0223A3C3028F5Fe7AEC7f9bb2E66beF82F"
    },
    {
      "fromChain": 10,
      "toChain": 288,
      "fromTokenAddress": "0x4200000000000000000000000000000000000006",
      "fromSpokeAddress": "0xa420b2d1c0841415A695b81E5B867BCD07Dff8C9",
      "fromTokenSymbol": "WETH",
      "isNative": false,
      "l1TokenAddress": "0xC02aaA39b223FE8D0A0e5C4F27eAD9083C756Cc2"
    },
    {
      "fromChain": 10,
      "toChain": 288,
      "fromTokenAddress": "0x4200000000000000000000000000000000000006",
      "fromSpokeAddress": "0xa420b2d1c0841415A695b81E5B867BCD07Dff8C9",
      "fromTokenSymbol": "ETH",
      "isNative": true,
      "l1TokenAddress": "0xC02aaA39b223FE8D0A0e5C4F27eAD9083C756Cc2"
    },
    {
      "fromChain": 10,
      "toChain": 288,
      "fromTokenAddress": "0x7F5c764cBc14f9669B88837ca1490cCa17c31607",
      "fromSpokeAddress": "0xa420b2d1c0841415A695b81E5B867BCD07Dff8C9",
      "fromTokenSymbol": "USDC",
      "isNative": false,
      "l1TokenAddress": "0xA0b86991c6218b36c1d19D4a2e9Eb0cE3606eB48"
    },
    {
      "fromChain": 10,
      "toChain": 288,
      "fromTokenAddress": "0x68f180fcCe6836688e9084f035309E29Bf0A2095",
      "fromSpokeAddress": "0xa420b2d1c0841415A695b81E5B867BCD07Dff8C9",
      "fromTokenSymbol": "WBTC",
      "isNative": false,
      "l1TokenAddress": "0x2260FAC5E5542a773Aa44fBCfeDf7C193bc2C599"
    },
    {
      "fromChain": 10,
      "toChain": 288,
      "fromTokenAddress": "0xE7798f023fC62146e8Aa1b36Da45fb70855a77Ea",
      "fromSpokeAddress": "0xa420b2d1c0841415A695b81E5B867BCD07Dff8C9",
      "fromTokenSymbol": "UMA",
      "isNative": false,
      "l1TokenAddress": "0x04Fa0d235C4abf4BcF4787aF4CF447DE572eF828"
    },
    {
      "fromChain": 10,
      "toChain": 288,
      "fromTokenAddress": "0xDA10009cBd5D07dd0CeCc66161FC93D7c9000da1",
      "fromSpokeAddress": "0xa420b2d1c0841415A695b81E5B867BCD07Dff8C9",
      "fromTokenSymbol": "DAI",
      "isNative": false,
      "l1TokenAddress": "0x6B175474E89094C44Da98b954EedeAC495271d0F"
    },
    {
      "fromChain": 10,
      "toChain": 288,
      "fromTokenAddress": "0xFf733b2A3557a7ed6697007ab5D11B79FdD1b76B",
      "fromSpokeAddress": "0xa420b2d1c0841415A695b81E5B867BCD07Dff8C9",
      "fromTokenSymbol": "ACX",
      "isNative": false,
      "l1TokenAddress": "0x44108f0223A3C3028F5Fe7AEC7f9bb2E66beF82F"
    },
    {
      "fromChain": 10,
      "toChain": 42161,
      "fromTokenAddress": "0x4200000000000000000000000000000000000006",
      "fromSpokeAddress": "0xa420b2d1c0841415A695b81E5B867BCD07Dff8C9",
      "fromTokenSymbol": "WETH",
      "isNative": false,
      "l1TokenAddress": "0xC02aaA39b223FE8D0A0e5C4F27eAD9083C756Cc2"
    },
    {
      "fromChain": 10,
      "toChain": 42161,
      "fromTokenAddress": "0x4200000000000000000000000000000000000006",
      "fromSpokeAddress": "0xa420b2d1c0841415A695b81E5B867BCD07Dff8C9",
      "fromTokenSymbol": "ETH",
      "isNative": true,
      "l1TokenAddress": "0xC02aaA39b223FE8D0A0e5C4F27eAD9083C756Cc2"
    },
    {
      "fromChain": 10,
      "toChain": 42161,
      "fromTokenAddress": "0x7F5c764cBc14f9669B88837ca1490cCa17c31607",
      "fromSpokeAddress": "0xa420b2d1c0841415A695b81E5B867BCD07Dff8C9",
      "fromTokenSymbol": "USDC",
      "isNative": false,
      "l1TokenAddress": "0xA0b86991c6218b36c1d19D4a2e9Eb0cE3606eB48"
    },
    {
      "fromChain": 10,
      "toChain": 42161,
      "fromTokenAddress": "0x68f180fcCe6836688e9084f035309E29Bf0A2095",
      "fromSpokeAddress": "0xa420b2d1c0841415A695b81E5B867BCD07Dff8C9",
      "fromTokenSymbol": "WBTC",
      "isNative": false,
      "l1TokenAddress": "0x2260FAC5E5542a773Aa44fBCfeDf7C193bc2C599"
    },
    {
      "fromChain": 10,
      "toChain": 42161,
      "fromTokenAddress": "0xE7798f023fC62146e8Aa1b36Da45fb70855a77Ea",
      "fromSpokeAddress": "0xa420b2d1c0841415A695b81E5B867BCD07Dff8C9",
      "fromTokenSymbol": "UMA",
      "isNative": false,
      "l1TokenAddress": "0x04Fa0d235C4abf4BcF4787aF4CF447DE572eF828"
    },
    {
      "fromChain": 10,
      "toChain": 42161,
      "fromTokenAddress": "0xDA10009cBd5D07dd0CeCc66161FC93D7c9000da1",
      "fromSpokeAddress": "0xa420b2d1c0841415A695b81E5B867BCD07Dff8C9",
      "fromTokenSymbol": "DAI",
      "isNative": false,
      "l1TokenAddress": "0x6B175474E89094C44Da98b954EedeAC495271d0F"
    },
    {
      "fromChain": 10,
      "toChain": 42161,
      "fromTokenAddress": "0xFE8B128bA8C78aabC59d4c64cEE7fF28e9379921",
      "fromSpokeAddress": "0xa420b2d1c0841415A695b81E5B867BCD07Dff8C9",
      "fromTokenSymbol": "BAL",
      "isNative": false,
      "l1TokenAddress": "0xba100000625a3754423978a60c9317c58a424e3D"
    },
    {
      "fromChain": 10,
      "toChain": 42161,
      "fromTokenAddress": "0xFf733b2A3557a7ed6697007ab5D11B79FdD1b76B",
      "fromSpokeAddress": "0xa420b2d1c0841415A695b81E5B867BCD07Dff8C9",
      "fromTokenSymbol": "ACX",
      "isNative": false,
      "l1TokenAddress": "0x44108f0223A3C3028F5Fe7AEC7f9bb2E66beF82F"
    },
    {
      "fromChain": 137,
      "toChain": 1,
      "fromTokenAddress": "0x8f3Cf7ad23Cd3CaDbD9735AFf958023239c6A063",
      "fromSpokeAddress": "0x69B5c72837769eF1e7C164Abc6515DcFf217F920",
      "fromTokenSymbol": "DAI",
      "isNative": false,
      "l1TokenAddress": "0x6B175474E89094C44Da98b954EedeAC495271d0F"
    },
    {
      "fromChain": 137,
      "toChain": 1,
      "fromTokenAddress": "0x3066818837c5e6eD6601bd5a91B0762877A6B731",
      "fromSpokeAddress": "0x69B5c72837769eF1e7C164Abc6515DcFf217F920",
      "fromTokenSymbol": "UMA",
      "isNative": false,
      "l1TokenAddress": "0x04Fa0d235C4abf4BcF4787aF4CF447DE572eF828"
    },
    {
      "fromChain": 137,
      "toChain": 1,
      "fromTokenAddress": "0x7ceB23fD6bC0adD59E62ac25578270cFf1b9f619",
      "fromSpokeAddress": "0x69B5c72837769eF1e7C164Abc6515DcFf217F920",
      "fromTokenSymbol": "WETH",
      "isNative": false,
      "l1TokenAddress": "0xC02aaA39b223FE8D0A0e5C4F27eAD9083C756Cc2"
    },
    {
      "fromChain": 137,
      "toChain": 1,
      "fromTokenAddress": "0x2791Bca1f2de4661ED88A30C99A7a9449Aa84174",
      "fromSpokeAddress": "0x69B5c72837769eF1e7C164Abc6515DcFf217F920",
      "fromTokenSymbol": "USDC",
      "isNative": false,
      "l1TokenAddress": "0xA0b86991c6218b36c1d19D4a2e9Eb0cE3606eB48"
    },
    {
      "fromChain": 137,
      "toChain": 1,
      "fromTokenAddress": "0x1BFD67037B42Cf73acF2047067bd4F2C47D9BfD6",
      "fromSpokeAddress": "0x69B5c72837769eF1e7C164Abc6515DcFf217F920",
      "fromTokenSymbol": "WBTC",
      "isNative": false,
      "l1TokenAddress": "0x2260FAC5E5542a773Aa44fBCfeDf7C193bc2C599"
    },
    {
      "fromChain": 137,
      "toChain": 1,
      "fromTokenAddress": "0x9a71012B13CA4d3D0Cdc72A177DF3ef03b0E76A3",
      "fromSpokeAddress": "0x69B5c72837769eF1e7C164Abc6515DcFf217F920",
      "fromTokenSymbol": "BAL",
      "isNative": false,
      "l1TokenAddress": "0xba100000625a3754423978a60c9317c58a424e3D"
    },
    {
      "fromChain": 137,
      "toChain": 1,
      "fromTokenAddress": "0xF328b73B6c685831F238c30a23Fc19140CB4D8FC",
      "fromSpokeAddress": "0x69B5c72837769eF1e7C164Abc6515DcFf217F920",
      "fromTokenSymbol": "ACX",
      "isNative": false,
      "l1TokenAddress": "0x44108f0223A3C3028F5Fe7AEC7f9bb2E66beF82F"
    },
    {
      "fromChain": 137,
      "toChain": 10,
      "fromTokenAddress": "0x8f3Cf7ad23Cd3CaDbD9735AFf958023239c6A063",
      "fromSpokeAddress": "0x69B5c72837769eF1e7C164Abc6515DcFf217F920",
      "fromTokenSymbol": "DAI",
      "isNative": false,
      "l1TokenAddress": "0x6B175474E89094C44Da98b954EedeAC495271d0F"
    },
    {
      "fromChain": 137,
      "toChain": 10,
      "fromTokenAddress": "0x3066818837c5e6eD6601bd5a91B0762877A6B731",
      "fromSpokeAddress": "0x69B5c72837769eF1e7C164Abc6515DcFf217F920",
      "fromTokenSymbol": "UMA",
      "isNative": false,
      "l1TokenAddress": "0x04Fa0d235C4abf4BcF4787aF4CF447DE572eF828"
    },
    {
      "fromChain": 137,
      "toChain": 10,
      "fromTokenAddress": "0x7ceB23fD6bC0adD59E62ac25578270cFf1b9f619",
      "fromSpokeAddress": "0x69B5c72837769eF1e7C164Abc6515DcFf217F920",
      "fromTokenSymbol": "WETH",
      "isNative": false,
      "l1TokenAddress": "0xC02aaA39b223FE8D0A0e5C4F27eAD9083C756Cc2"
    },
    {
      "fromChain": 137,
      "toChain": 10,
      "fromTokenAddress": "0x2791Bca1f2de4661ED88A30C99A7a9449Aa84174",
      "fromSpokeAddress": "0x69B5c72837769eF1e7C164Abc6515DcFf217F920",
      "fromTokenSymbol": "USDC",
      "isNative": false,
      "l1TokenAddress": "0xA0b86991c6218b36c1d19D4a2e9Eb0cE3606eB48"
    },
    {
      "fromChain": 137,
      "toChain": 10,
      "fromTokenAddress": "0x1BFD67037B42Cf73acF2047067bd4F2C47D9BfD6",
      "fromSpokeAddress": "0x69B5c72837769eF1e7C164Abc6515DcFf217F920",
      "fromTokenSymbol": "WBTC",
      "isNative": false,
      "l1TokenAddress": "0x2260FAC5E5542a773Aa44fBCfeDf7C193bc2C599"
    },
    {
      "fromChain": 137,
      "toChain": 10,
      "fromTokenAddress": "0x9a71012B13CA4d3D0Cdc72A177DF3ef03b0E76A3",
      "fromSpokeAddress": "0x69B5c72837769eF1e7C164Abc6515DcFf217F920",
      "fromTokenSymbol": "BAL",
      "isNative": false,
      "l1TokenAddress": "0xba100000625a3754423978a60c9317c58a424e3D"
    },
    {
      "fromChain": 137,
      "toChain": 10,
      "fromTokenAddress": "0xF328b73B6c685831F238c30a23Fc19140CB4D8FC",
      "fromSpokeAddress": "0x69B5c72837769eF1e7C164Abc6515DcFf217F920",
      "fromTokenSymbol": "ACX",
      "isNative": false,
      "l1TokenAddress": "0x44108f0223A3C3028F5Fe7AEC7f9bb2E66beF82F"
    },
    {
      "fromChain": 137,
      "toChain": 288,
      "fromTokenAddress": "0x8f3Cf7ad23Cd3CaDbD9735AFf958023239c6A063",
      "fromSpokeAddress": "0x69B5c72837769eF1e7C164Abc6515DcFf217F920",
      "fromTokenSymbol": "DAI",
      "isNative": false,
      "l1TokenAddress": "0x6B175474E89094C44Da98b954EedeAC495271d0F"
    },
    {
      "fromChain": 137,
      "toChain": 288,
      "fromTokenAddress": "0x3066818837c5e6eD6601bd5a91B0762877A6B731",
      "fromSpokeAddress": "0x69B5c72837769eF1e7C164Abc6515DcFf217F920",
      "fromTokenSymbol": "UMA",
      "isNative": false,
      "l1TokenAddress": "0x04Fa0d235C4abf4BcF4787aF4CF447DE572eF828"
    },
    {
      "fromChain": 137,
      "toChain": 288,
      "fromTokenAddress": "0x7ceB23fD6bC0adD59E62ac25578270cFf1b9f619",
      "fromSpokeAddress": "0x69B5c72837769eF1e7C164Abc6515DcFf217F920",
      "fromTokenSymbol": "WETH",
      "isNative": false,
      "l1TokenAddress": "0xC02aaA39b223FE8D0A0e5C4F27eAD9083C756Cc2"
    },
    {
      "fromChain": 137,
      "toChain": 288,
      "fromTokenAddress": "0x2791Bca1f2de4661ED88A30C99A7a9449Aa84174",
      "fromSpokeAddress": "0x69B5c72837769eF1e7C164Abc6515DcFf217F920",
      "fromTokenSymbol": "USDC",
      "isNative": false,
      "l1TokenAddress": "0xA0b86991c6218b36c1d19D4a2e9Eb0cE3606eB48"
    },
    {
      "fromChain": 137,
      "toChain": 288,
      "fromTokenAddress": "0x1BFD67037B42Cf73acF2047067bd4F2C47D9BfD6",
      "fromSpokeAddress": "0x69B5c72837769eF1e7C164Abc6515DcFf217F920",
      "fromTokenSymbol": "WBTC",
      "isNative": false,
      "l1TokenAddress": "0x2260FAC5E5542a773Aa44fBCfeDf7C193bc2C599"
    },
    {
      "fromChain": 137,
      "toChain": 288,
      "fromTokenAddress": "0xF328b73B6c685831F238c30a23Fc19140CB4D8FC",
      "fromSpokeAddress": "0x69B5c72837769eF1e7C164Abc6515DcFf217F920",
      "fromTokenSymbol": "ACX",
      "isNative": false,
      "l1TokenAddress": "0x44108f0223A3C3028F5Fe7AEC7f9bb2E66beF82F"
    },
    {
      "fromChain": 137,
      "toChain": 42161,
      "fromTokenAddress": "0x3066818837c5e6eD6601bd5a91B0762877A6B731",
      "fromSpokeAddress": "0x69B5c72837769eF1e7C164Abc6515DcFf217F920",
      "fromTokenSymbol": "UMA",
      "isNative": false,
      "l1TokenAddress": "0x04Fa0d235C4abf4BcF4787aF4CF447DE572eF828"
    },
    {
      "fromChain": 137,
      "toChain": 42161,
      "fromTokenAddress": "0x8f3Cf7ad23Cd3CaDbD9735AFf958023239c6A063",
      "fromSpokeAddress": "0x69B5c72837769eF1e7C164Abc6515DcFf217F920",
      "fromTokenSymbol": "DAI",
      "isNative": false,
      "l1TokenAddress": "0x6B175474E89094C44Da98b954EedeAC495271d0F"
    },
    {
      "fromChain": 137,
      "toChain": 42161,
      "fromTokenAddress": "0x7ceB23fD6bC0adD59E62ac25578270cFf1b9f619",
      "fromSpokeAddress": "0x69B5c72837769eF1e7C164Abc6515DcFf217F920",
      "fromTokenSymbol": "WETH",
      "isNative": false,
      "l1TokenAddress": "0xC02aaA39b223FE8D0A0e5C4F27eAD9083C756Cc2"
    },
    {
      "fromChain": 137,
      "toChain": 42161,
      "fromTokenAddress": "0x2791Bca1f2de4661ED88A30C99A7a9449Aa84174",
      "fromSpokeAddress": "0x69B5c72837769eF1e7C164Abc6515DcFf217F920",
      "fromTokenSymbol": "USDC",
      "isNative": false,
      "l1TokenAddress": "0xA0b86991c6218b36c1d19D4a2e9Eb0cE3606eB48"
    },
    {
      "fromChain": 137,
      "toChain": 42161,
      "fromTokenAddress": "0x1BFD67037B42Cf73acF2047067bd4F2C47D9BfD6",
      "fromSpokeAddress": "0x69B5c72837769eF1e7C164Abc6515DcFf217F920",
      "fromTokenSymbol": "WBTC",
      "isNative": false,
      "l1TokenAddress": "0x2260FAC5E5542a773Aa44fBCfeDf7C193bc2C599"
    },
    {
      "fromChain": 137,
      "toChain": 42161,
      "fromTokenAddress": "0x9a71012B13CA4d3D0Cdc72A177DF3ef03b0E76A3",
      "fromSpokeAddress": "0x69B5c72837769eF1e7C164Abc6515DcFf217F920",
      "fromTokenSymbol": "BAL",
      "isNative": false,
      "l1TokenAddress": "0xba100000625a3754423978a60c9317c58a424e3D"
    },
    {
      "fromChain": 137,
      "toChain": 42161,
      "fromTokenAddress": "0xF328b73B6c685831F238c30a23Fc19140CB4D8FC",
      "fromSpokeAddress": "0x69B5c72837769eF1e7C164Abc6515DcFf217F920",
      "fromTokenSymbol": "ACX",
      "isNative": false,
      "l1TokenAddress": "0x44108f0223A3C3028F5Fe7AEC7f9bb2E66beF82F"
    },
    {
      "fromChain": 288,
      "toChain": 1,
      "fromTokenAddress": "0xDeadDeAddeAddEAddeadDEaDDEAdDeaDDeAD0000",
      "fromSpokeAddress": "0xBbc6009fEfFc27ce705322832Cb2068F8C1e0A58",
      "fromTokenSymbol": "WETH",
      "isNative": false,
      "l1TokenAddress": "0xC02aaA39b223FE8D0A0e5C4F27eAD9083C756Cc2"
    },
    {
      "fromChain": 288,
      "toChain": 1,
      "fromTokenAddress": "0xDeadDeAddeAddEAddeadDEaDDEAdDeaDDeAD0000",
      "fromSpokeAddress": "0xBbc6009fEfFc27ce705322832Cb2068F8C1e0A58",
      "fromTokenSymbol": "ETH",
      "isNative": true,
      "l1TokenAddress": "0xC02aaA39b223FE8D0A0e5C4F27eAD9083C756Cc2"
    },
    {
      "fromChain": 288,
      "toChain": 1,
      "fromTokenAddress": "0x66a2A913e447d6b4BF33EFbec43aAeF87890FBbc",
      "fromSpokeAddress": "0xBbc6009fEfFc27ce705322832Cb2068F8C1e0A58",
      "fromTokenSymbol": "USDC",
      "isNative": false,
      "l1TokenAddress": "0xA0b86991c6218b36c1d19D4a2e9Eb0cE3606eB48"
    },
    {
      "fromChain": 288,
      "toChain": 1,
      "fromTokenAddress": "0xdc0486f8bf31DF57a952bcd3c1d3e166e3d9eC8b",
      "fromSpokeAddress": "0xBbc6009fEfFc27ce705322832Cb2068F8C1e0A58",
      "fromTokenSymbol": "WBTC",
      "isNative": false,
      "l1TokenAddress": "0x2260FAC5E5542a773Aa44fBCfeDf7C193bc2C599"
    },
    {
      "fromChain": 288,
      "toChain": 1,
      "fromTokenAddress": "0x780f33Ad21314d9A1Ffb6867Fe53d48a76Ec0D16",
      "fromSpokeAddress": "0xBbc6009fEfFc27ce705322832Cb2068F8C1e0A58",
      "fromTokenSymbol": "UMA",
      "isNative": false,
      "l1TokenAddress": "0x04Fa0d235C4abf4BcF4787aF4CF447DE572eF828"
    },
    {
      "fromChain": 288,
      "toChain": 1,
      "fromTokenAddress": "0xf74195Bb8a5cf652411867c5C2C5b8C2a402be35",
      "fromSpokeAddress": "0xBbc6009fEfFc27ce705322832Cb2068F8C1e0A58",
      "fromTokenSymbol": "DAI",
      "isNative": false,
      "l1TokenAddress": "0x6B175474E89094C44Da98b954EedeAC495271d0F"
    },
    {
      "fromChain": 288,
      "toChain": 1,
      "fromTokenAddress": "0xa18bF3994C0Cc6E3b63ac420308E5383f53120D7",
      "fromSpokeAddress": "0xBbc6009fEfFc27ce705322832Cb2068F8C1e0A58",
      "fromTokenSymbol": "BOBA",
      "isNative": false,
      "l1TokenAddress": "0x42bBFa2e77757C645eeaAd1655E0911a7553Efbc"
    },
    {
      "fromChain": 288,
      "toChain": 1,
      "fromTokenAddress": "0x96821b258955587069F680729cD77369C0892B40",
      "fromSpokeAddress": "0xBbc6009fEfFc27ce705322832Cb2068F8C1e0A58",
      "fromTokenSymbol": "ACX",
      "isNative": false,
      "l1TokenAddress": "0x44108f0223A3C3028F5Fe7AEC7f9bb2E66beF82F"
    },
    {
      "fromChain": 288,
      "toChain": 10,
      "fromTokenAddress": "0xDeadDeAddeAddEAddeadDEaDDEAdDeaDDeAD0000",
      "fromSpokeAddress": "0xBbc6009fEfFc27ce705322832Cb2068F8C1e0A58",
      "fromTokenSymbol": "WETH",
      "isNative": false,
      "l1TokenAddress": "0xC02aaA39b223FE8D0A0e5C4F27eAD9083C756Cc2"
    },
    {
      "fromChain": 288,
      "toChain": 10,
      "fromTokenAddress": "0xDeadDeAddeAddEAddeadDEaDDEAdDeaDDeAD0000",
      "fromSpokeAddress": "0xBbc6009fEfFc27ce705322832Cb2068F8C1e0A58",
      "fromTokenSymbol": "ETH",
      "isNative": true,
      "l1TokenAddress": "0xC02aaA39b223FE8D0A0e5C4F27eAD9083C756Cc2"
    },
    {
      "fromChain": 288,
      "toChain": 10,
      "fromTokenAddress": "0x66a2A913e447d6b4BF33EFbec43aAeF87890FBbc",
      "fromSpokeAddress": "0xBbc6009fEfFc27ce705322832Cb2068F8C1e0A58",
      "fromTokenSymbol": "USDC",
      "isNative": false,
      "l1TokenAddress": "0xA0b86991c6218b36c1d19D4a2e9Eb0cE3606eB48"
    },
    {
      "fromChain": 288,
      "toChain": 10,
      "fromTokenAddress": "0xdc0486f8bf31DF57a952bcd3c1d3e166e3d9eC8b",
      "fromSpokeAddress": "0xBbc6009fEfFc27ce705322832Cb2068F8C1e0A58",
      "fromTokenSymbol": "WBTC",
      "isNative": false,
      "l1TokenAddress": "0x2260FAC5E5542a773Aa44fBCfeDf7C193bc2C599"
    },
    {
      "fromChain": 288,
      "toChain": 10,
      "fromTokenAddress": "0x780f33Ad21314d9A1Ffb6867Fe53d48a76Ec0D16",
      "fromSpokeAddress": "0xBbc6009fEfFc27ce705322832Cb2068F8C1e0A58",
      "fromTokenSymbol": "UMA",
      "isNative": false,
      "l1TokenAddress": "0x04Fa0d235C4abf4BcF4787aF4CF447DE572eF828"
    },
    {
      "fromChain": 288,
      "toChain": 10,
      "fromTokenAddress": "0xf74195Bb8a5cf652411867c5C2C5b8C2a402be35",
      "fromSpokeAddress": "0xBbc6009fEfFc27ce705322832Cb2068F8C1e0A58",
      "fromTokenSymbol": "DAI",
      "isNative": false,
      "l1TokenAddress": "0x6B175474E89094C44Da98b954EedeAC495271d0F"
    },
    {
      "fromChain": 288,
      "toChain": 10,
      "fromTokenAddress": "0x96821b258955587069F680729cD77369C0892B40",
      "fromSpokeAddress": "0xBbc6009fEfFc27ce705322832Cb2068F8C1e0A58",
      "fromTokenSymbol": "ACX",
      "isNative": false,
      "l1TokenAddress": "0x44108f0223A3C3028F5Fe7AEC7f9bb2E66beF82F"
    },
    {
      "fromChain": 288,
      "toChain": 137,
      "fromTokenAddress": "0xDeadDeAddeAddEAddeadDEaDDEAdDeaDDeAD0000",
      "fromSpokeAddress": "0xBbc6009fEfFc27ce705322832Cb2068F8C1e0A58",
      "fromTokenSymbol": "WETH",
      "isNative": false,
      "l1TokenAddress": "0xC02aaA39b223FE8D0A0e5C4F27eAD9083C756Cc2"
    },
    {
      "fromChain": 288,
      "toChain": 137,
      "fromTokenAddress": "0xDeadDeAddeAddEAddeadDEaDDEAdDeaDDeAD0000",
      "fromSpokeAddress": "0xBbc6009fEfFc27ce705322832Cb2068F8C1e0A58",
      "fromTokenSymbol": "ETH",
      "isNative": true,
      "l1TokenAddress": "0xC02aaA39b223FE8D0A0e5C4F27eAD9083C756Cc2"
    },
    {
      "fromChain": 288,
      "toChain": 137,
      "fromTokenAddress": "0x66a2A913e447d6b4BF33EFbec43aAeF87890FBbc",
      "fromSpokeAddress": "0xBbc6009fEfFc27ce705322832Cb2068F8C1e0A58",
      "fromTokenSymbol": "USDC",
      "isNative": false,
      "l1TokenAddress": "0xA0b86991c6218b36c1d19D4a2e9Eb0cE3606eB48"
    },
    {
      "fromChain": 288,
      "toChain": 137,
      "fromTokenAddress": "0xdc0486f8bf31DF57a952bcd3c1d3e166e3d9eC8b",
      "fromSpokeAddress": "0xBbc6009fEfFc27ce705322832Cb2068F8C1e0A58",
      "fromTokenSymbol": "WBTC",
      "isNative": false,
      "l1TokenAddress": "0x2260FAC5E5542a773Aa44fBCfeDf7C193bc2C599"
    },
    {
      "fromChain": 288,
      "toChain": 137,
      "fromTokenAddress": "0x780f33Ad21314d9A1Ffb6867Fe53d48a76Ec0D16",
      "fromSpokeAddress": "0xBbc6009fEfFc27ce705322832Cb2068F8C1e0A58",
      "fromTokenSymbol": "UMA",
      "isNative": false,
      "l1TokenAddress": "0x04Fa0d235C4abf4BcF4787aF4CF447DE572eF828"
    },
    {
      "fromChain": 288,
      "toChain": 137,
      "fromTokenAddress": "0xf74195Bb8a5cf652411867c5C2C5b8C2a402be35",
      "fromSpokeAddress": "0xBbc6009fEfFc27ce705322832Cb2068F8C1e0A58",
      "fromTokenSymbol": "DAI",
      "isNative": false,
      "l1TokenAddress": "0x6B175474E89094C44Da98b954EedeAC495271d0F"
    },
    {
      "fromChain": 288,
      "toChain": 137,
      "fromTokenAddress": "0x96821b258955587069F680729cD77369C0892B40",
      "fromSpokeAddress": "0xBbc6009fEfFc27ce705322832Cb2068F8C1e0A58",
      "fromTokenSymbol": "ACX",
      "isNative": false,
      "l1TokenAddress": "0x44108f0223A3C3028F5Fe7AEC7f9bb2E66beF82F"
    },
    {
      "fromChain": 288,
      "toChain": 42161,
      "fromTokenAddress": "0xDeadDeAddeAddEAddeadDEaDDEAdDeaDDeAD0000",
      "fromSpokeAddress": "0xBbc6009fEfFc27ce705322832Cb2068F8C1e0A58",
      "fromTokenSymbol": "WETH",
      "isNative": false,
      "l1TokenAddress": "0xC02aaA39b223FE8D0A0e5C4F27eAD9083C756Cc2"
    },

    {
      "fromChain": 288,
      "toChain": 42161,
      "fromTokenAddress": "0xDeadDeAddeAddEAddeadDEaDDEAdDeaDDeAD0000",
      "fromSpokeAddress": "0xBbc6009fEfFc27ce705322832Cb2068F8C1e0A58",
      "fromTokenSymbol": "ETH",
      "isNative": true,
      "l1TokenAddress": "0xC02aaA39b223FE8D0A0e5C4F27eAD9083C756Cc2"
    },
    {
      "fromChain": 288,
      "toChain": 42161,
      "fromTokenAddress": "0x66a2A913e447d6b4BF33EFbec43aAeF87890FBbc",
      "fromSpokeAddress": "0xBbc6009fEfFc27ce705322832Cb2068F8C1e0A58",
      "fromTokenSymbol": "USDC",
      "isNative": false,
      "l1TokenAddress": "0xA0b86991c6218b36c1d19D4a2e9Eb0cE3606eB48"
    },
    {
      "fromChain": 288,
      "toChain": 42161,
      "fromTokenAddress": "0xdc0486f8bf31DF57a952bcd3c1d3e166e3d9eC8b",
      "fromSpokeAddress": "0xBbc6009fEfFc27ce705322832Cb2068F8C1e0A58",
      "fromTokenSymbol": "WBTC",
      "isNative": false,
      "l1TokenAddress": "0x2260FAC5E5542a773Aa44fBCfeDf7C193bc2C599"
    },
    {
      "fromChain": 288,
      "toChain": 42161,
      "fromTokenAddress": "0x780f33Ad21314d9A1Ffb6867Fe53d48a76Ec0D16",
      "fromSpokeAddress": "0xBbc6009fEfFc27ce705322832Cb2068F8C1e0A58",
      "fromTokenSymbol": "UMA",
      "isNative": false,
      "l1TokenAddress": "0x04Fa0d235C4abf4BcF4787aF4CF447DE572eF828"
    },
    {
      "fromChain": 288,
      "toChain": 42161,
      "fromTokenAddress": "0xf74195Bb8a5cf652411867c5C2C5b8C2a402be35",
      "fromSpokeAddress": "0xBbc6009fEfFc27ce705322832Cb2068F8C1e0A58",
      "fromTokenSymbol": "DAI",
      "isNative": false,
      "l1TokenAddress": "0x6B175474E89094C44Da98b954EedeAC495271d0F"
    },
    {
      "fromChain": 288,
      "toChain": 42161,
      "fromTokenAddress": "0x96821b258955587069F680729cD77369C0892B40",
      "fromSpokeAddress": "0xBbc6009fEfFc27ce705322832Cb2068F8C1e0A58",
      "fromTokenSymbol": "ACX",
      "isNative": false,
      "l1TokenAddress": "0x44108f0223A3C3028F5Fe7AEC7f9bb2E66beF82F"
    },
    {
      "fromChain": 42161,
      "toChain": 1,
      "fromTokenAddress": "0x2f2a2543B76A4166549F7aaB2e75Bef0aefC5B0f",
      "fromSpokeAddress": "0xB88690461dDbaB6f04Dfad7df66B7725942FEb9C",
      "fromTokenSymbol": "WBTC",
      "isNative": false,
      "l1TokenAddress": "0x2260FAC5E5542a773Aa44fBCfeDf7C193bc2C599"
    },
    {
      "fromChain": 42161,
      "toChain": 1,
      "fromTokenAddress": "0xFF970A61A04b1cA14834A43f5dE4533eBDDB5CC8",
      "fromSpokeAddress": "0xB88690461dDbaB6f04Dfad7df66B7725942FEb9C",
      "fromTokenSymbol": "USDC",
      "isNative": false,
      "l1TokenAddress": "0xA0b86991c6218b36c1d19D4a2e9Eb0cE3606eB48"
    },
    {
      "fromChain": 42161,
      "toChain": 1,
      "fromTokenAddress": "0x82aF49447D8a07e3bd95BD0d56f35241523fBab1",
      "fromSpokeAddress": "0xB88690461dDbaB6f04Dfad7df66B7725942FEb9C",
      "fromTokenSymbol": "WETH",
      "isNative": false,
      "l1TokenAddress": "0xC02aaA39b223FE8D0A0e5C4F27eAD9083C756Cc2"
    },
    {
      "fromChain": 42161,
      "toChain": 1,
      "fromTokenAddress": "0x82aF49447D8a07e3bd95BD0d56f35241523fBab1",
      "fromSpokeAddress": "0xB88690461dDbaB6f04Dfad7df66B7725942FEb9C",
      "fromTokenSymbol": "ETH",
      "isNative": true,
      "l1TokenAddress": "0xC02aaA39b223FE8D0A0e5C4F27eAD9083C756Cc2"
    },
    {
      "fromChain": 42161,
      "toChain": 1,
      "fromTokenAddress": "0xd693Ec944A85eeca4247eC1c3b130DCa9B0C3b22",
      "fromSpokeAddress": "0xB88690461dDbaB6f04Dfad7df66B7725942FEb9C",
      "fromTokenSymbol": "UMA",
      "isNative": false,
      "l1TokenAddress": "0x04Fa0d235C4abf4BcF4787aF4CF447DE572eF828"
    },
    {
      "fromChain": 42161,
      "toChain": 1,
      "fromTokenAddress": "0xDA10009cBd5D07dd0CeCc66161FC93D7c9000da1",
      "fromSpokeAddress": "0xB88690461dDbaB6f04Dfad7df66B7725942FEb9C",
      "fromTokenSymbol": "DAI",
      "isNative": false,
      "l1TokenAddress": "0x6B175474E89094C44Da98b954EedeAC495271d0F"
    },
    {
      "fromChain": 42161,
      "toChain": 1,
      "fromTokenAddress": "0x040d1EdC9569d4Bab2D15287Dc5A4F10F56a56B8",
      "fromSpokeAddress": "0xB88690461dDbaB6f04Dfad7df66B7725942FEb9C",
      "fromTokenSymbol": "BAL",
      "isNative": false,
      "l1TokenAddress": "0xba100000625a3754423978a60c9317c58a424e3D"
    },
    {
      "fromChain": 42161,
      "toChain": 1,
      "fromTokenAddress": "0x53691596d1BCe8CEa565b84d4915e69e03d9C99d",
      "fromSpokeAddress": "0xB88690461dDbaB6f04Dfad7df66B7725942FEb9C",
      "fromTokenSymbol": "ACX",
      "isNative": false,
      "l1TokenAddress": "0x44108f0223A3C3028F5Fe7AEC7f9bb2E66beF82F"
    },
    {
      "fromChain": 42161,
      "toChain": 10,
      "fromTokenAddress": "0x2f2a2543B76A4166549F7aaB2e75Bef0aefC5B0f",
      "fromSpokeAddress": "0xB88690461dDbaB6f04Dfad7df66B7725942FEb9C",
      "fromTokenSymbol": "WBTC",
      "isNative": false,
      "l1TokenAddress": "0x2260FAC5E5542a773Aa44fBCfeDf7C193bc2C599"
    },
    {
      "fromChain": 42161,
      "toChain": 10,
      "fromTokenAddress": "0xFF970A61A04b1cA14834A43f5dE4533eBDDB5CC8",
      "fromSpokeAddress": "0xB88690461dDbaB6f04Dfad7df66B7725942FEb9C",
      "fromTokenSymbol": "USDC",
      "isNative": false,
      "l1TokenAddress": "0xA0b86991c6218b36c1d19D4a2e9Eb0cE3606eB48"
    },
    {
      "fromChain": 42161,
      "toChain": 10,
      "fromTokenAddress": "0x82aF49447D8a07e3bd95BD0d56f35241523fBab1",
      "fromSpokeAddress": "0xB88690461dDbaB6f04Dfad7df66B7725942FEb9C",
      "fromTokenSymbol": "WETH",
      "isNative": false,
      "l1TokenAddress": "0xC02aaA39b223FE8D0A0e5C4F27eAD9083C756Cc2"
    },
    {
      "fromChain": 42161,
      "toChain": 10,
      "fromTokenAddress": "0x82aF49447D8a07e3bd95BD0d56f35241523fBab1",
      "fromSpokeAddress": "0xB88690461dDbaB6f04Dfad7df66B7725942FEb9C",
      "fromTokenSymbol": "ETH",
      "isNative": true,
      "l1TokenAddress": "0xC02aaA39b223FE8D0A0e5C4F27eAD9083C756Cc2"
    },
    {
      "fromChain": 42161,
      "toChain": 10,
      "fromTokenAddress": "0xd693Ec944A85eeca4247eC1c3b130DCa9B0C3b22",
      "fromSpokeAddress": "0xB88690461dDbaB6f04Dfad7df66B7725942FEb9C",
      "fromTokenSymbol": "UMA",
      "isNative": false,
      "l1TokenAddress": "0x04Fa0d235C4abf4BcF4787aF4CF447DE572eF828"
    },
    {
      "fromChain": 42161,
      "toChain": 10,
      "fromTokenAddress": "0xDA10009cBd5D07dd0CeCc66161FC93D7c9000da1",
      "fromSpokeAddress": "0xB88690461dDbaB6f04Dfad7df66B7725942FEb9C",
      "fromTokenSymbol": "DAI",
      "isNative": false,
      "l1TokenAddress": "0x6B175474E89094C44Da98b954EedeAC495271d0F"
    },
    {
      "fromChain": 42161,
      "toChain": 10,
      "fromTokenAddress": "0x040d1EdC9569d4Bab2D15287Dc5A4F10F56a56B8",
      "fromSpokeAddress": "0xB88690461dDbaB6f04Dfad7df66B7725942FEb9C",
      "fromTokenSymbol": "BAL",
      "isNative": false,
      "l1TokenAddress": "0xba100000625a3754423978a60c9317c58a424e3D"
    },
    {
      "fromChain": 42161,
      "toChain": 10,
      "fromTokenAddress": "0x53691596d1BCe8CEa565b84d4915e69e03d9C99d",
      "fromSpokeAddress": "0xB88690461dDbaB6f04Dfad7df66B7725942FEb9C",
      "fromTokenSymbol": "ACX",
      "isNative": false,
      "l1TokenAddress": "0x44108f0223A3C3028F5Fe7AEC7f9bb2E66beF82F"
    },
    {
      "fromChain": 42161,
      "toChain": 137,
      "fromTokenAddress": "0x2f2a2543B76A4166549F7aaB2e75Bef0aefC5B0f",
      "fromSpokeAddress": "0xB88690461dDbaB6f04Dfad7df66B7725942FEb9C",
      "fromTokenSymbol": "WBTC",
      "isNative": false,
      "l1TokenAddress": "0x2260FAC5E5542a773Aa44fBCfeDf7C193bc2C599"
    },
    {
      "fromChain": 42161,
      "toChain": 137,
      "fromTokenAddress": "0xFF970A61A04b1cA14834A43f5dE4533eBDDB5CC8",
      "fromSpokeAddress": "0xB88690461dDbaB6f04Dfad7df66B7725942FEb9C",
      "fromTokenSymbol": "USDC",
      "isNative": false,
      "l1TokenAddress": "0xA0b86991c6218b36c1d19D4a2e9Eb0cE3606eB48"
    },
    {
      "fromChain": 42161,
      "toChain": 137,
      "fromTokenAddress": "0x82aF49447D8a07e3bd95BD0d56f35241523fBab1",
      "fromSpokeAddress": "0xB88690461dDbaB6f04Dfad7df66B7725942FEb9C",
      "fromTokenSymbol": "WETH",
      "isNative": false,
      "l1TokenAddress": "0xC02aaA39b223FE8D0A0e5C4F27eAD9083C756Cc2"
    },
    {
      "fromChain": 42161,
      "toChain": 137,
      "fromTokenAddress": "0x82aF49447D8a07e3bd95BD0d56f35241523fBab1",
      "fromSpokeAddress": "0xB88690461dDbaB6f04Dfad7df66B7725942FEb9C",
      "fromTokenSymbol": "ETH",
      "isNative": true,
      "l1TokenAddress": "0xC02aaA39b223FE8D0A0e5C4F27eAD9083C756Cc2"
    },
    {
      "fromChain": 42161,
      "toChain": 137,
      "fromTokenAddress": "0xd693Ec944A85eeca4247eC1c3b130DCa9B0C3b22",
      "fromSpokeAddress": "0xB88690461dDbaB6f04Dfad7df66B7725942FEb9C",
      "fromTokenSymbol": "UMA",
      "isNative": false,
      "l1TokenAddress": "0x04Fa0d235C4abf4BcF4787aF4CF447DE572eF828"
    },
    {
      "fromChain": 42161,
      "toChain": 137,
      "fromTokenAddress": "0xDA10009cBd5D07dd0CeCc66161FC93D7c9000da1",
      "fromSpokeAddress": "0xB88690461dDbaB6f04Dfad7df66B7725942FEb9C",
      "fromTokenSymbol": "DAI",
      "isNative": false,
      "l1TokenAddress": "0x6B175474E89094C44Da98b954EedeAC495271d0F"
    },
    {
      "fromChain": 42161,
      "toChain": 137,
      "fromTokenAddress": "0x040d1EdC9569d4Bab2D15287Dc5A4F10F56a56B8",
      "fromSpokeAddress": "0xB88690461dDbaB6f04Dfad7df66B7725942FEb9C",
      "fromTokenSymbol": "BAL",
      "isNative": false,
      "l1TokenAddress": "0xba100000625a3754423978a60c9317c58a424e3D"
    },
    {
      "fromChain": 42161,
      "toChain": 137,
      "fromTokenAddress": "0x53691596d1BCe8CEa565b84d4915e69e03d9C99d",
      "fromSpokeAddress": "0xB88690461dDbaB6f04Dfad7df66B7725942FEb9C",
      "fromTokenSymbol": "ACX",
      "isNative": false,
      "l1TokenAddress": "0x44108f0223A3C3028F5Fe7AEC7f9bb2E66beF82F"
    },
    {
      "fromChain": 42161,
      "toChain": 288,
      "fromTokenAddress": "0x2f2a2543B76A4166549F7aaB2e75Bef0aefC5B0f",
      "fromSpokeAddress": "0xB88690461dDbaB6f04Dfad7df66B7725942FEb9C",
      "fromTokenSymbol": "WBTC",
      "isNative": false,
      "l1TokenAddress": "0x2260FAC5E5542a773Aa44fBCfeDf7C193bc2C599"
    },
    {
      "fromChain": 42161,
      "toChain": 288,
      "fromTokenAddress": "0xFF970A61A04b1cA14834A43f5dE4533eBDDB5CC8",
      "fromSpokeAddress": "0xB88690461dDbaB6f04Dfad7df66B7725942FEb9C",
      "fromTokenSymbol": "USDC",
      "isNative": false,
      "l1TokenAddress": "0xA0b86991c6218b36c1d19D4a2e9Eb0cE3606eB48"
    },
    {
      "fromChain": 42161,
      "toChain": 288,
      "fromTokenAddress": "0x82aF49447D8a07e3bd95BD0d56f35241523fBab1",
      "fromSpokeAddress": "0xB88690461dDbaB6f04Dfad7df66B7725942FEb9C",
      "fromTokenSymbol": "WETH",
      "isNative": false,
      "l1TokenAddress": "0xC02aaA39b223FE8D0A0e5C4F27eAD9083C756Cc2"
    },
    {
      "fromChain": 42161,
      "toChain": 288,
      "fromTokenAddress": "0x82aF49447D8a07e3bd95BD0d56f35241523fBab1",
      "fromSpokeAddress": "0xB88690461dDbaB6f04Dfad7df66B7725942FEb9C",
      "fromTokenSymbol": "ETH",
      "isNative": true,
      "l1TokenAddress": "0xC02aaA39b223FE8D0A0e5C4F27eAD9083C756Cc2"
    },
    {
      "fromChain": 42161,
      "toChain": 288,
      "fromTokenAddress": "0xd693Ec944A85eeca4247eC1c3b130DCa9B0C3b22",
      "fromSpokeAddress": "0xB88690461dDbaB6f04Dfad7df66B7725942FEb9C",
      "fromTokenSymbol": "UMA",
      "isNative": false,
      "l1TokenAddress": "0x04Fa0d235C4abf4BcF4787aF4CF447DE572eF828"
    },
    {
      "fromChain": 42161,
      "toChain": 288,
      "fromTokenAddress": "0xDA10009cBd5D07dd0CeCc66161FC93D7c9000da1",
      "fromSpokeAddress": "0xB88690461dDbaB6f04Dfad7df66B7725942FEb9C",
      "fromTokenSymbol": "DAI",
      "isNative": false,
      "l1TokenAddress": "0x6B175474E89094C44Da98b954EedeAC495271d0F"
    },
    {
      "fromChain": 42161,
      "toChain": 288,
      "fromTokenAddress": "0x53691596d1BCe8CEa565b84d4915e69e03d9C99d",
      "fromSpokeAddress": "0xB88690461dDbaB6f04Dfad7df66B7725942FEb9C",
      "fromTokenSymbol": "ACX",
      "isNative": false,
      "l1TokenAddress": "0x44108f0223A3C3028F5Fe7AEC7f9bb2E66beF82F"
    }
  ]
}
