{
  "hubPoolChain": 5,
  "hubPoolAddress": "0x0e2817C49698cc0874204AeDf7c72Be2Bb7fCD5d",
  "hubPoolWethAddress": "0x60D4dB9b534EF9260a88b0BED6c486fe13E604Fc",
  "acrossTokenAddress": "0x40153DdFAd90C49dbE3F5c9F96f2a5B25ec67461",
  "acceleratingDistributorAddress": "0xA59CE9FDFf8a0915926C2AF021d54E58f9B207CC",
  "merkleDistributorAddress": "0xF633b72A4C2Fb73b77A379bf72864A825aD35b6D",
  "claimAndStakeAddress": "0xF45D31fc33ea7d047172cd60ECc46d1a69696932",
  "routes": [
    {
      "fromChain": 80001,
      "toChain": 5,
      "fromTokenAddress": "0x9c3C9283D3e44854697Cd22D3Faa240Cfb032889",
      "fromSpokeAddress": "0x45fF03629D024b7763275e732a2d80202c18b31C",
      "fromTokenSymbol": "WMATIC",
      "isNative": false,
      "l1TokenAddress": "0x499d11E0b6eAC7c0593d8Fb292DCBbF815Fb29Ae"
    },
    {
      "fromChain": 80001,
      "toChain": 5,
      "fromTokenAddress": "0x9c3C9283D3e44854697Cd22D3Faa240Cfb032889",
      "fromSpokeAddress": "0x45fF03629D024b7763275e732a2d80202c18b31C",
      "fromTokenSymbol": "MATIC",
      "isNative": true,
      "l1TokenAddress": "0x499d11E0b6eAC7c0593d8Fb292DCBbF815Fb29Ae"
    },
    {
      "fromChain": 80001,
      "toChain": 5,
      "fromTokenAddress": "0xe6b8a5CF854791412c1f6EFC7CAf629f5Df1c747",
      "fromSpokeAddress": "0x45fF03629D024b7763275e732a2d80202c18b31C",
      "fromTokenSymbol": "USDC",
      "isNative": false,
      "l1TokenAddress": "0xd35CCeEAD182dcee0F148EbaC9447DA2c4D449c4"
    },
    {
      "fromChain": 5,
      "toChain": 80001,
      "fromTokenAddress": "0xd35CCeEAD182dcee0F148EbaC9447DA2c4D449c4",
      "fromSpokeAddress": "0xEc88d3C08E2939562Ff8188B4e30A52236C3FF09",
      "fromTokenSymbol": "USDC",
      "isNative": false,
      "l1TokenAddress": "0xd35CCeEAD182dcee0F148EbaC9447DA2c4D449c4"
    },
    {
      "fromChain": 5,
      "toChain": 80001,
      "fromTokenAddress": "0x40153DdFAd90C49dbE3F5c9F96f2a5B25ec67461",
      "fromSpokeAddress": "0xEc88d3C08E2939562Ff8188B4e30A52236C3FF09",
      "fromTokenSymbol": "ACX",
      "isNative": false,
      "l1TokenAddress": "0x40153DdFAd90C49dbE3F5c9F96f2a5B25ec67461"
    },
    {
      "fromChain": 5,
      "toChain": 80001,
      "fromTokenAddress": "0xB4FBF271143F4FBf7B91A5ded31805e42b2208d6",
      "fromSpokeAddress": "0xEc88d3C08E2939562Ff8188B4e30A52236C3FF09",
      "fromTokenSymbol": "ETH",
      "isNative": true,
      "l1TokenAddress": "0xB4FBF271143F4FBf7B91A5ded31805e42b2208d6"
    },
    {
      "fromChain": 5,
      "toChain": 80001,
      "fromTokenAddress": "0xB4FBF271143F4FBf7B91A5ded31805e42b2208d6",
      "fromSpokeAddress": "0xEc88d3C08E2939562Ff8188B4e30A52236C3FF09",
      "fromTokenSymbol": "WETH",
      "isNative": false,
      "l1TokenAddress": "0xB4FBF271143F4FBf7B91A5ded31805e42b2208d6"
    },
    {
      "fromChain": 5,
      "toChain": 80001,
      "fromTokenAddress": "0x5C221E77624690fff6dd741493D735a17716c26B",
      "fromSpokeAddress": "0xEc88d3C08E2939562Ff8188B4e30A52236C3FF09",
      "fromTokenSymbol": "DAI",
      "isNative": false,
      "l1TokenAddress": "0x5C221E77624690fff6dd741493D735a17716c26B"
    }
  ]
}
