{
  "hubPoolChain": 42,
  "hubPoolAddress": "0x8d84F51710dfa9D409027B167371bBd79e0539e5",
  "hubPoolWethAddress": "0xd0A1E359811322d97991E03f863a0C30C2cF029C",
  "routes": [
    {
      "fromChain": 42,
      "toChain": 69,
      "fromTokenAddress": "0x4F96Fe3b7A6Cf9725f59d353F723c1bDb64CA6Aa",
      "fromSpokeAddress": "0x90bab3160d417B4cd791Db5f8C4E79704e67bd49",
      "fromTokenSymbol": "DAI",
      "isNative": false,
      "l1TokenAddress": "0x4F96Fe3b7A6Cf9725f59d353F723c1bDb64CA6Aa"
    },
    {
      "fromChain": 42,
      "toChain": 69,
      "fromTokenAddress": "0xd0A1E359811322d97991E03f863a0C30C2cF029C",
      "fromSpokeAddress": "0x90bab3160d417B4cd791Db5f8C4E79704e67bd49",
      "fromTokenSymbol": "WETH",
      "isNative": false,
      "l1TokenAddress": "0xd0A1E359811322d97991E03f863a0C30C2cF029C"
    },
    {
      "fromChain": 42,
      "toChain": 69,
      "fromTokenAddress": "0xd0A1E359811322d97991E03f863a0C30C2cF029C",
      "fromSpokeAddress": "0x90bab3160d417B4cd791Db5f8C4E79704e67bd49",
      "fromTokenSymbol": "KOV",
      "isNative": true,
      "l1TokenAddress": "0xd0A1E359811322d97991E03f863a0C30C2cF029C"
    },
    {
      "fromChain": 69,
      "toChain": 42,
      "fromTokenAddress": "0xDA10009cBd5D07dd0CeCc66161FC93D7c9000da1",
      "fromSpokeAddress": "0x1954D4A36ac4fD8BEde42E59368565A92290E705",
      "fromTokenSymbol": "DAI",
      "isNative": false,
      "l1TokenAddress": "0x4F96Fe3b7A6Cf9725f59d353F723c1bDb64CA6Aa"
    },
    {
      "fromChain": 69,
      "toChain": 42,
      "fromTokenAddress": "0x4200000000000000000000000000000000000006",
      "fromSpokeAddress": "0x1954D4A36ac4fD8BEde42E59368565A92290E705",
      "fromTokenSymbol": "WETH",
      "isNative": false,
      "l1TokenAddress": "0xd0A1E359811322d97991E03f863a0C30C2cF029C"
    },
    {
      "fromChain": 69,
      "toChain": 42,
      "fromTokenAddress": "0x4200000000000000000000000000000000000006",
      "fromSpokeAddress": "0x1954D4A36ac4fD8BEde42E59368565A92290E705",
      "fromTokenSymbol": "KOR",
      "isNative": true,
      "l1TokenAddress": "0xd0A1E359811322d97991E03f863a0C30C2cF029C"
    }
  ]
}
